<?xml version="1.0" encoding="UTF-8" standalone="no" ?>
<SimscapeMultibodyImportXML version="2.0" xmlns="urn:mathworks:SimscapeMultibody:import" xmlns:xsi="http://www.w3.org/2001/XMLSchema-instance">
<Created by="Emanuel S" on="11/19/22||23:59:04" using="Simscape Multibody Link Version 7.4" from="Autodesk Inventor 2021 (Build 250183000, 183)"/>
<ModelUnits mass="kilogram" length="millimeter"/>
<DataUnits mass="kilogram" length="centimeter"/>
<RootAssembly name="s_ensamble.iam" uid="s_ensamble.iam_{99E226F2-4CA9-BD03-101D-BCB41377E7FD}" version="{BDB91083-53AE-26FC-3A90-E62765E1BD00}">
<AssemblyFile name="s_ensamble.iam" type="Inventor Assembly"/>
<InstanceTree>
<Instance name="s_base:1" grounded="true" uid="s_base:1" entityUid="s_base.ipt_{73834EB0-4CC4-7DBE-8E17-089D662FE3F8}">
<Transform>
<Rotation>1 0 0 0 1 0 0 0 1</Rotation>
<Translation>3.2929460480455521 -2.6929460480455636 -3.1225508642004716</Translation>
</Transform>
</Instance>
<Instance name="s_tapa:1" uid="s_tapa:1" entityUid="s_tapa.ipt_{541F4429-463B-0C36-222D-329F453F36A3}">
<Transform>
<Rotation>0.99279203859828613 -0.11984977303216054 0 0.11984977303216041 0.9927920385982848 -3.3399267341281905e-16 0 0 0.99999999999999978</Rotation>
<Translation>3.2929460480455521 -2.6929460480455627 2.877449135799528</Translation>
</Transform>
</Instance>
<Instance name="s_brazo:1" uid="s_brazo:1" entityUid="s_brazo.ipt_{D11D11DB-49FD-0D46-22D6-308BC05A8CA3}">
<Transform>
<Rotation>0.99274983506211878 -0.11984977303215988 0.0091540640304350971 0.11984467822475418 0.99279203859828391 0.0011050778548934983 -0.0092205252203259626 1.3990104708972942e-16 0.99995749005378098</Rotation>
<Translation>14.469869605195603 0.67085182873567917 11.271413095765778</Translation>
</Transform>
</Instance>
<Instance name="s_muneca:1" uid="s_muneca:1" entityUid="s_muneca.ipt_{3A665E9B-4D73-69EC-EEC9-D59D2FF745C2}">
<Transform>
<Rotation>0.99274983506211867 0.11984977303215988 -0.0091540640304350832 0.11984467822475416 -0.99279203859828391 -0.0011050778548936371 -0.0092205252203259799 0 -0.99995749005378076</Rotation>
<Translation>14.674536969470966 0.69555925607375935 11.269512173169341</Translation>
</Transform>
</Instance>
</InstanceTree>
<Constraints>
<Coincident name="Coincidencia:1">
<ConstraintGeometry geomType="circle">
<InstancePath>
<Uid>s_tapa:1</Uid>
</InstancePath>
<Position>-4.4408920985006262e-16 0 -4.4408920985006262e-16</Position>
<Axis>0 2.9978416003909023e-16 1.0000000000000002</Axis>
</ConstraintGeometry>
<ConstraintGeometry geomType="circle">
<InstancePath>
<Uid>s_base:1</Uid>
</InstancePath>
<Position>0 0 6</Position>
<Axis>0 0 1</Axis>
</ConstraintGeometry>
</Coincident>
<Concentric name="Insertar:1">
<ConstraintGeometry geomType="circle">
<InstancePath>
<Uid>s_brazo:1</Uid>
</InstancePath>
<Position>-11.500000000000018 -1.0000000000000018 0</Position>
<Axis>0 1.0000000000000018 2.9777194214029318e-16</Axis>
</ConstraintGeometry>
<ConstraintGeometry geomType="circle">
<InstancePath>
<Uid>s_tapa:1</Uid>
</InstancePath>
<Position>1.7763568394002505e-15 3.0000000000000053 8.5000000000000036</Position>
<Axis>4.5796699765787707e-16 1.0000000000000009 0</Axis>
</ConstraintGeometry>
</Concentric>
<Distance name="Insertar:1_Distance">
<ConstraintGeometry geomType="plane">
<InstancePath>
<Uid>s_brazo:1</Uid>
</InstancePath>
<Position>-11.500000000000018 -3.0000000000000058 0</Position>
<Axis>0 1.0000000000000018 2.9777194214029318e-16</Axis>
</ConstraintGeometry>
<ConstraintGeometry geomType="plane">
<InstancePath>
<Uid>s_tapa:1</Uid>
</InstancePath>
<Position>1.7763568394002505e-15 3.0000000000000053 8.5000000000000036</Position>
<Axis>4.5796699765787707e-16 1.0000000000000009 0</Axis>
</ConstraintGeometry>
</Distance>
<Concentric name="Insertar:2">
<ConstraintGeometry geomType="circle">
<InstancePath>
<Uid>s_brazo:1</Uid>
</InstancePath>
<Position>-1.5000000000000018 0.50000000000000122 0</Position>
<Axis>0 1.0000000000000018 0</Axis>
</ConstraintGeometry>
<ConstraintGeometry geomType="circle">
<InstancePath>
<Uid>s_muneca:1</Uid>
</InstancePath>
<Position>-1.7061620733108054 -0.50000000000000089 0</Position>
<Axis>0 1.0000000000000018 1.5721422818666809e-16</Axis>
</ConstraintGeometry>
</Concentric>
<Coincident name="Insertar:2_Coincident">
<ConstraintGeometry geomType="plane">
<InstancePath>
<Uid>s_brazo:1</Uid>
</InstancePath>
<Position>-1.5000000000000018 0.50000000000000122 0</Position>
<Axis>0 1.0000000000000018 0</Axis>
</ConstraintGeometry>
<ConstraintGeometry geomType="plane">
<InstancePath>
<Uid>s_muneca:1</Uid>
</InstancePath>
<Position>-1.7061620733108054 -0.50000000000000089 0</Position>
<Axis>0 1.0000000000000018 1.5721422818666809e-16</Axis>
</ConstraintGeometry>
</Coincident>
<Coincident name="Coincidencia:2">
<ConstraintGeometry geomType="plane">
<InstancePath>
<Uid>s_tapa:1</Uid>
</InstancePath>
<Position>-4.4408920985006262e-16 0 -4.4408920985006262e-16</Position>
<Axis>0 2.9978416003909023e-16 1.0000000000000002</Axis>
</ConstraintGeometry>
<ConstraintGeometry geomType="plane">
<InstancePath>
<Uid>s_base:1</Uid>
</InstancePath>
<Position>0 0 6</Position>
<Axis>0 0 1</Axis>
</ConstraintGeometry>
</Coincident>
</Constraints>
<Joints>
</Joints>
</RootAssembly>
<Assemblies>
</Assemblies>
<Parts>
<Part name="s_base.ipt" uid="s_base.ipt_{73834EB0-4CC4-7DBE-8E17-089D662FE3F8}" version="{C7C899D1-C1B0-7883-8E55-377BAB8DBC40}">
<PartFile name="s_base.ipt" type="Inventor Part"/>
<MassProperties>
<Mass>0.049459871608659355</Mass>
<CenterOfMass>-4.0224925690667554e-15 0.029583188425280706 1.8373335900270777</CenterOfMass>
<Inertia>0.37830579188245328 0.3817179585925819 0.43153097578649147 0.00056517034710805848 -1.3887226694518388e-15 0</Inertia>
</MassProperties>
<GeometryFile name="s_base_ipt_4a020048.STEP" type="STEP"/>
<VisualProperties>
<Ambient r="0.74901960784313726" g="0.74901960784313726" b="0.74901960784313726" a="1"/>
<Diffuse r="0.74901960784313726" g="0.74901960784313726" b="0.74901960784313726" a="1"/>
<Specular r="0" g="0" b="0" a="1"/>
<Emissive r="0" g="0" b="0" a="1"/>
<Shininess>0.14999999999999999</Shininess>
</VisualProperties>
</Part>
<Part name="s_brazo.ipt" uid="s_brazo.ipt_{D11D11DB-49FD-0D46-22D6-308BC05A8CA3}" version="{40F8BEBE-6654-A613-06E6-EA0F15503827}">
<PartFile name="s_brazo.ipt" type="Inventor Part"/>
<MassProperties>
<Mass>0.06273116309117556</Mass>
<CenterOfMass>-7.1568816785869016 0 0</CenterOfMass>
<Inertia>0.06139223876371433 0.79126291199118759 0.77258422721404396 0 0 0</Inertia>
</MassProperties>
<GeometryFile name="s_brazo_ipt_4362126.STEP" type="STEP"/>
<VisualProperties>
<Ambient r="0.74901960784313726" g="0.74901960784313726" b="0.74901960784313726" a="1"/>
<Diffuse r="0.74901960784313726" g="0.74901960784313726" b="0.74901960784313726" a="1"/>
<Specular r="0" g="0" b="0" a="1"/>
<Emissive r="0" g="0" b="0" a="1"/>
<Shininess>0.14999999999999999</Shininess>
</VisualProperties>
</Part>
<Part name="s_muneca.ipt" uid="s_muneca.ipt_{3A665E9B-4D73-69EC-EEC9-D59D2FF745C2}" version="{287E91D5-AC40-DEAD-0DD7-C28A6F9B2FFE}">
<PartFile name="s_muneca.ipt" type="Inventor Part"/>
<MassProperties>
<Mass>0.038042228654451074</Mass>
<CenterOfMass>1.4834683568936708 -0.010840963777591516 0</CenterOfMass>
<Inertia>0.042651456961560447 0.16206231652693462 0.15702973300757958 0 0 0.0011409575498656946</Inertia>
</MassProperties>
<GeometryFile name="s_muneca_ipt_3cd895cb.STEP" type="STEP"/>
<VisualProperties>
<Ambient r="0.74901960784313726" g="0.74901960784313726" b="0.74901960784313726" a="1"/>
<Diffuse r="0.74901960784313726" g="0.74901960784313726" b="0.74901960784313726" a="1"/>
<Specular r="0" g="0" b="0" a="1"/>
<Emissive r="0" g="0" b="0" a="1"/>
<Shininess>0.14999999999999999</Shininess>
</VisualProperties>
</Part>
<Part name="s_tapa.ipt" uid="s_tapa.ipt_{541F4429-463B-0C36-222D-329F453F36A3}" version="{8C672353-818D-E6C3-9A50-B45D4954B523}">
<PartFile name="s_tapa.ipt" type="Inventor Part"/>
<MassProperties>
<Mass>0.074920525517201755</Mass>
<CenterOfMass>-2.2997827082830314e-10 0.010483084014370139 3.792851322002865</CenterOfMass>
<Inertia>0.88772236576686647 0.90373722382258026 0.20715735685333525 -0.0036969859265385315 -6.1817793747928721e-11 -1.2082523488833232e-13</Inertia>
</MassProperties>
<GeometryFile name="s_tapa_ipt_5670da1f.STEP" type="STEP"/>
<VisualProperties>
<Ambient r="0.74901960784313726" g="0.74901960784313726" b="0.74901960784313726" a="1"/>
<Diffuse r="0.74901960784313726" g="0.74901960784313726" b="0.74901960784313726" a="1"/>
<Specular r="0" g="0" b="0" a="1"/>
<Emissive r="0" g="0" b="0" a="1"/>
<Shininess>0.14999999999999999</Shininess>
</VisualProperties>
</Part>
</Parts>
</SimscapeMultibodyImportXML>
